City_ID,City,Country,Date,Lat,Lng,Max Temp,Humidity,Cloudiness,Wind Speed
0,Quang Ngai,VN,2022-02-21 23:16:54,15.1167,108.8,65.79,80,100,6.69
1,Yueyang,CN,2022-02-21 23:20:51,29.3333,113.0919,37.74,95,100,5.7
2,Punta Arenas,CL,2022-02-21 23:20:01,-53.15,-70.9167,64.51,45,0,17.27
3,Qaanaaq,GL,2022-02-21 23:20:51,77.484,-69.3632,-6.86,55,84,9.19
4,Barrow,US,2022-02-21 23:16:39,71.2906,-156.7887,3.22,85,75,18.41
5,Trat,TH,2022-02-21 23:20:52,12.5,102.5,74.91,92,94,9.82
6,Ushuaia,AR,2022-02-21 23:17:30,-54.8,-68.3,60.46,55,75,25.32
7,Quatre Cocos,MU,2022-02-21 23:20:52,-20.2078,57.7625,80.71,90,84,15.99
8,Khatanga,RU,2022-02-21 23:20:53,71.9667,102.5,4.42,92,100,7.38
9,Linshui,CN,2022-02-21 23:20:53,36.4247,114.2047,28.13,39,51,6.49
10,Sioux Lookout,CA,2022-02-21 23:20:53,50.1001,-91.917,-7.53,59,100,4.61
11,Wanaka,NZ,2022-02-21 23:20:54,-44.7,169.15,58.73,81,94,9.84
12,San Patricio,US,2022-02-21 23:20:54,28.017,-97.5169,81.54,64,8,21.41
13,Port Alfred,ZA,2022-02-21 23:20:54,-33.5906,26.891,66.6,82,19,7.9
14,Jamestown,US,2022-02-21 23:17:13,42.097,-79.2353,43.95,85,49,7.05
15,Bambous Virieux,MU,2022-02-21 23:20:55,-20.3428,57.7575,80.85,89,75,21.85
16,Arraial Do Cabo,BR,2022-02-21 23:20:55,-22.9661,-42.0278,78.66,83,75,11.5
17,Jiexiu,CN,2022-02-21 23:20:56,37.0244,111.9125,27.81,33,19,2.73
18,Bengkulu,ID,2022-02-21 23:20:56,-3.8004,102.2655,75.07,89,87,3.89
19,Shieli,KZ,2022-02-21 23:20:56,44.1667,66.75,37.4,66,79,4.92
20,Fenoarivo,MG,2022-02-21 23:20:57,-18.933,47.4354,66.27,72,75,12.66
21,Alofi,NU,2022-02-21 23:20:57,-19.0595,-169.9187,84.09,74,100,8.05
22,Georgetown,MY,2022-02-21 23:17:06,5.4112,100.3354,78.73,97,20,2.3
23,Tuktoyaktuk,CA,2022-02-21 23:20:58,69.4541,-133.0374,-13.0,77,20,18.41
24,Cherskiy,RU,2022-02-21 23:20:58,68.75,161.3,-48.57,100,100,4.94
25,Rikitea,PF,2022-02-21 23:20:58,-23.1203,-134.9692,77.38,70,21,5.95
26,Port Elizabeth,ZA,2022-02-21 23:20:59,-33.918,25.5701,61.11,88,0,4.61
27,Tura,IN,2022-02-21 23:20:59,25.5198,90.2201,55.67,57,0,3.67
28,Pangnirtung,CA,2022-02-21 23:21:00,66.1451,-65.7125,-31.0,68,20,3.44
29,Tasiilaq,GL,2022-02-21 23:21:00,65.6145,-37.6368,26.76,77,100,38.27
30,Victoria,HK,2022-02-21 23:16:57,22.2855,114.1577,51.24,93,99,5.01
31,Bodden Town,KY,2022-02-21 23:21:00,19.2833,-81.25,80.6,62,20,17.27
32,Iquitos,PE,2022-02-21 23:21:01,-3.7481,-73.2472,86.04,74,75,2.3
33,Dikson,RU,2022-02-21 23:21:01,73.5069,80.5464,14.05,93,100,14.79
34,Bethel,US,2022-02-21 23:19:38,41.3712,-73.414,46.49,42,0,0.0
35,Rio Blanco,MX,2022-02-21 23:21:02,18.8333,-97.15,75.04,45,1,5.82
36,Portage,US,2022-02-21 23:21:03,41.1667,-81.1998,57.06,37,100,0.0
37,Vaini,TO,2022-02-21 23:21:03,-21.2,-175.2,86.16,84,75,12.66
38,Kapaa,US,2022-02-21 23:20:33,22.0752,-159.319,78.78,63,0,10.36
39,Yellowknife,CA,2022-02-21 23:21:04,62.456,-114.3525,-11.58,76,20,9.22
40,Adrar,MR,2022-02-21 23:21:04,20.5022,-10.0711,80.64,14,100,7.34
41,Mataura,NZ,2022-02-21 23:21:05,-46.1927,168.8643,58.48,97,100,7.45
42,Ishigaki,JP,2022-02-21 23:21:05,24.3448,124.1572,62.73,94,75,17.27
43,Avarua,CK,2022-02-21 23:21:05,-21.2078,-159.775,84.25,79,20,18.41
44,Alice Springs,AU,2022-02-21 23:19:17,-23.7,133.8833,72.95,43,0,8.05
45,Norman Wells,CA,2022-02-21 23:21:06,65.282,-126.8329,-12.96,64,20,6.91
46,Hobart,AU,2022-02-21 23:22:07,-42.8794,147.3294,62.06,47,20,8.05
47,New Norfolk,AU,2022-02-21 23:22:07,-42.7826,147.0587,61.72,44,14,1.99
48,Cape Town,ZA,2022-02-21 23:22:07,-33.9258,18.4232,65.26,76,0,5.75
49,Champerico,GT,2022-02-21 23:22:08,14.3,-91.9167,91.94,55,52,11.23
50,Sarab,IR,2022-02-21 23:22:08,38.6066,44.9883,37.71,64,66,3.65
51,Tiksi,RU,2022-02-21 23:22:09,71.6872,128.8694,-4.92,96,100,8.77
52,Alugan,PH,2022-02-21 23:22:09,12.2188,125.4808,78.03,86,100,17.38
53,Kavaratti,IN,2022-02-21 23:19:15,10.5669,72.642,80.4,66,1,13.29
54,Busselton,AU,2022-02-21 23:22:09,-33.65,115.3333,59.09,75,0,8.79
55,Naze,JP,2022-02-21 23:22:10,28.3667,129.4833,52.72,62,100,11.21
56,Tanout,NE,2022-02-21 23:22:10,14.9709,8.8879,64.81,12,0,11.65
57,Hilo,US,2022-02-21 23:18:46,19.7297,-155.09,82.13,76,100,9.22
58,Thompson,CA,2022-02-21 23:22:11,55.7435,-97.8558,-9.24,54,0,9.22
59,Monster,NL,2022-02-21 23:22:11,52.0258,4.175,45.99,76,75,11.5
60,Esperance,AU,2022-02-21 23:22:12,-33.8667,121.9,64.29,65,2,12.24
61,Coahuayana,MX,2022-02-21 23:22:12,18.7333,-103.6833,92.68,39,0,7.18
62,Kodiak,US,2022-02-21 23:22:12,57.79,-152.4072,44.11,76,100,11.5
63,Camacha,PT,2022-02-21 23:22:13,33.0833,-16.3333,59.76,77,40,16.11
64,Carutapera,BR,2022-02-21 23:22:13,-1.195,-46.02,77.11,91,96,7.14
65,Mount Gambier,AU,2022-02-21 23:22:13,-37.8333,140.7667,61.59,54,27,7.34
66,North Platte,US,2022-02-21 23:22:14,41.1239,-100.7654,10.29,61,100,17.27
67,Ribeira Grande,PT,2022-02-21 23:22:14,38.5167,-28.7,57.22,67,73,1.52
68,Butaritari,KI,2022-02-21 23:22:15,3.0707,172.7902,81.23,81,75,20.02
69,Sorland,NO,2022-02-21 23:22:15,67.667,12.6934,32.34,52,29,0.49
70,Albany,US,2022-02-21 23:19:11,42.6001,-73.9662,45.01,58,33,0.85
71,Waingapu,ID,2022-02-21 23:22:15,-9.6567,120.2641,75.72,87,100,6.26
72,Shache,CN,2022-02-21 23:22:16,38.4167,77.2406,28.96,44,20,3.24
73,High Level,CA,2022-02-21 23:20:12,58.5169,-117.136,-2.09,65,40,9.22
74,Yar-Sale,RU,2022-02-21 23:22:16,66.8333,70.8333,18.23,96,100,8.01
75,Xian,CN,2022-02-21 23:22:17,34.2583,108.9286,32.81,39,97,2.48
76,Humaita,BR,2022-02-21 23:22:17,-7.5061,-63.0208,75.4,97,100,2.42
77,Talnakh,RU,2022-02-21 23:22:17,69.4865,88.3972,15.21,82,100,19.95
78,Maryville,US,2022-02-21 23:18:50,35.7565,-83.9705,62.31,67,100,11.5
79,Lavrentiya,RU,2022-02-21 23:22:18,65.5833,-171.0,21.09,95,100,2.17
80,Hithadhoo,MV,2022-02-21 23:21:14,-0.6,73.0833,82.27,71,93,9.42
81,Poli,TZ,2022-02-21 23:22:18,-3.3333,36.8,63.54,81,97,2.51
82,Roald,NO,2022-02-21 23:22:19,62.5833,6.1333,34.0,93,75,3.44
83,Upernavik,GL,2022-02-21 23:22:19,72.7868,-56.1549,-24.86,99,95,6.6
84,Souillac,MU,2022-02-21 23:22:20,-20.5167,57.5167,80.98,89,75,21.85
85,Castro,BR,2022-02-21 23:22:21,-24.7911,-50.0119,65.25,89,9,3.29
86,Stornoway,GB,2022-02-21 23:22:21,58.2093,-6.3865,44.56,87,100,25.32
87,Monrovia,LR,2022-02-21 23:18:08,6.3005,-10.7969,77.92,87,100,3.76
88,Coro,VE,2022-02-21 23:22:22,11.4045,-69.6734,77.65,75,68,18.12
89,Boende,CD,2022-02-21 23:22:23,-0.2167,20.8667,76.15,61,96,1.12
90,Lompoc,US,2022-02-21 23:19:56,34.6391,-120.4579,63.57,61,0,21.85
91,Kem,RU,2022-02-21 23:23:24,64.9555,34.5793,-3.1,100,54,4.7
92,Neyyattinkara,IN,2022-02-21 23:23:24,8.4,77.0833,82.26,92,7,4.12
93,Conchagua,SV,2022-02-21 23:23:24,13.3078,-87.8647,86.25,37,81,10.71
94,Cayenne,GF,2022-02-21 23:23:25,4.9333,-52.3333,78.1,90,75,3.44
95,Sungaipenuh,ID,2022-02-21 23:23:25,-2.0833,101.3833,64.17,95,100,3.4
96,Yaan,NG,2022-02-21 23:23:25,7.3833,8.5667,84.18,13,60,5.77
97,Chuy,UY,2022-02-21 23:23:26,-33.6971,-53.4616,69.84,78,57,10.98
98,Provideniya,RU,2022-02-21 23:23:26,64.3833,-173.3,23.36,86,100,8.99
99,Coquimbo,CL,2022-02-21 23:19:20,-29.9533,-71.3436,64.13,77,0,9.22
100,Saint-Philippe,RE,2022-02-21 23:23:27,-21.3585,55.7679,83.79,91,100,28.19
101,Dzerzhinskoye,RU,2022-02-21 23:23:27,56.8344,95.2283,6.21,100,97,3.65
102,Moranbah,AU,2022-02-21 23:23:28,-22.0016,148.0466,82.04,56,0,14.54
103,Lamu,KE,2022-02-21 23:23:28,-2.2717,40.902,77.22,88,32,12.1
104,East London,ZA,2022-02-21 23:23:28,-33.0153,27.9116,68.23,76,1,5.44
105,Hermanus,ZA,2022-02-21 23:23:29,-34.4187,19.2345,63.9,81,92,1.7
106,Sawtell,AU,2022-02-21 23:23:29,-30.3833,153.1,77.02,84,75,6.91
107,Suntar,RU,2022-02-21 23:23:29,62.1444,117.6319,12.51,89,92,9.53
108,Bredasdorp,ZA,2022-02-21 23:23:30,-34.5322,20.0403,65.52,77,98,2.3
109,Lebu,CL,2022-02-21 23:23:30,-37.6167,-73.65,63.34,66,94,5.64
110,Dingle,PH,2022-02-21 23:23:31,10.9995,122.6711,75.22,89,100,7.47
111,Muros,ES,2022-02-21 23:23:31,42.7762,-9.0603,48.83,91,18,8.52
112,Kalengwa,ZM,2022-02-21 23:23:31,-13.4659,25.0027,62.13,98,38,4.34
113,Creel,MX,2022-02-21 23:23:32,27.75,-107.6333,46.87,71,89,23.67
114,Popova,RU,2022-02-21 23:23:32,42.9603,131.7228,3.29,73,2,10.69
115,Ibicarai,BR,2022-02-21 23:23:33,-14.865,-39.5875,80.58,93,17,2.44
116,Caravelas,BR,2022-02-21 23:23:33,-17.7125,-39.2481,76.69,85,7,5.48
117,Sattahip,TH,2022-02-21 23:23:34,12.6664,100.9007,75.9,88,20,8.05
118,Haines Junction,CA,2022-02-21 23:23:35,60.7522,-137.5108,4.95,56,94,2.3
119,Cabo San Lucas,MX,2022-02-21 23:23:36,22.8909,-109.9124,79.9,71,20,9.22
120,Asau,RO,2022-02-21 23:23:36,46.4333,26.4,44.76,65,100,4.88
121,Severo-Kurilsk,RU,2022-02-21 23:23:37,50.6789,156.125,31.75,82,97,16.02
122,Simao,CN,2022-02-21 23:23:37,22.7886,100.9748,48.96,98,100,2.48
123,Saskylakh,RU,2022-02-21 23:23:38,71.9167,114.0833,2.14,98,87,6.15
124,Fairbanks,US,2022-02-21 23:23:33,64.8378,-147.7164,20.1,72,100,4.61
125,Russell,US,2022-02-21 23:23:38,32.3502,-85.1999,57.11,93,100,0.0
126,Sistranda,NO,2022-02-21 23:23:39,63.7256,8.834,31.96,56,78,11.3
127,Nouadhibou,MR,2022-02-21 23:23:39,20.931,-17.0347,64.38,68,100,16.11
128,Raduzhnyy,RU,2022-02-21 23:23:39,62.0961,77.475,18.88,94,100,9.82
129,Walvis Bay,NA,2022-02-21 23:23:40,-22.9575,14.5053,71.1,83,7,12.66
130,Kolosovka,RU,2022-02-21 23:23:40,56.4678,73.611,26.13,94,100,10.69
131,Presidencia Roque Saenz Pena,AR,2022-02-21 23:23:41,-26.7852,-60.4388,71.22,84,98,1.43
132,Puerto Ayora,EC,2022-02-21 23:23:41,-0.7393,-90.3518,79.56,90,38,7.0
133,Codrington,AU,2022-02-21 23:23:41,-38.2667,141.9667,62.51,50,48,10.2
134,Awjilah,LY,2022-02-21 23:23:42,29.1081,21.2869,60.15,61,30,9.19
135,Tooele,US,2022-02-21 23:24:42,40.5308,-112.2983,34.95,60,100,5.75
136,Kedougou,SN,2022-02-21 23:24:42,12.5579,-12.1743,86.9,14,32,2.24
137,Atuona,PF,2022-02-21 23:24:43,-9.8,-139.0333,78.49,72,19,17.9
138,Chifeng,CN,2022-02-21 23:24:43,42.2683,118.9636,-1.1,79,1,5.21
139,Mahebourg,MU,2022-02-21 23:24:44,-20.4081,57.7,80.89,89,75,21.85
140,Lubao,PH,2022-02-21 23:24:44,14.9167,120.55,78.15,79,100,7.07
141,Praia Da Vitoria,PT,2022-02-21 23:24:44,38.7333,-27.0667,54.75,87,20,5.79
142,Umm Lajj,SA,2022-02-21 23:24:45,25.0213,37.2685,67.86,45,3,11.34
143,Baiao,BR,2022-02-21 23:24:45,-2.7906,-49.6717,74.19,97,95,2.8
144,Tiznit,MA,2022-02-21 23:24:45,29.5833,-9.5,66.16,25,1,13.71
145,Bluff,NZ,2022-02-21 23:24:46,-46.6,168.3333,58.8,85,100,18.37
146,Srednekolymsk,RU,2022-02-21 23:24:46,67.45,153.6833,-42.02,100,67,5.1
147,Queanbeyan,AU,2022-02-21 23:24:47,-35.35,149.2333,66.65,74,100,8.05
148,Angoche,MZ,2022-02-21 23:24:47,-16.2325,39.9086,79.36,81,100,6.93
149,Forest Grove,US,2022-02-21 23:24:12,45.5198,-123.1107,45.73,74,75,3.0
150,Hambantota,LK,2022-02-21 23:24:48,6.1241,81.1185,76.06,87,3,4.21
151,Ust-Kuyga,RU,2022-02-21 23:24:48,70.0167,135.6,-23.49,89,98,7.09
152,Ketchikan,US,2022-02-21 23:21:20,55.3422,-131.6461,36.07,21,0,0.0
153,Manado,ID,2022-02-21 23:24:49,1.487,124.8455,74.17,94,75,4.61
154,Aras,ES,2022-02-21 23:24:49,42.5617,-2.356,44.06,87,23,6.4
155,Honiara,SB,2022-02-21 23:24:50,-9.4333,159.95,87.3,66,96,1.77
156,Zhanaozen,KZ,2022-02-21 23:24:50,43.3,52.8,44.47,67,100,5.32
157,Faya,SA,2022-02-21 23:24:51,18.3851,42.4509,51.91,34,71,4.29
158,Ponta Do Sol,PT,2022-02-21 23:24:51,32.6667,-17.1,63.23,58,33,11.56
159,Kawalu,ID,2022-02-21 23:24:51,-7.3817,108.2082,70.99,95,81,3.27
160,Gat,IL,2022-02-21 23:24:52,31.61,34.7642,56.39,76,90,3.91
161,Takoradi,GH,2022-02-21 23:24:52,4.8845,-1.7554,79.74,89,41,8.79
162,Yertsevo,RU,2022-02-21 23:24:53,60.7966,40.086,22.37,96,100,3.18
163,Yumen,CN,2022-02-21 23:24:53,40.2833,97.2,15.49,57,4,3.74
164,Clyde River,CA,2022-02-21 23:20:09,70.4692,-68.5914,-10.97,84,75,23.02
165,Geraldton,AU,2022-02-21 23:24:53,-28.7667,114.6,72.12,73,62,9.22
166,Tual,ID,2022-02-21 23:24:54,-5.6667,132.75,83.73,75,100,24.79
167,Eyl,SO,2022-02-21 23:24:54,7.9803,49.8164,76.53,77,5,15.3
168,Half Moon Bay,US,2022-02-21 23:24:54,37.4636,-122.4286,60.06,61,0,27.63
169,Novyy Urengoy,RU,2022-02-21 23:24:55,66.0833,76.6333,14.18,95,98,11.05
170,Bayangol,RU,2022-02-21 23:24:55,50.6977,103.4656,-11.07,99,76,3.36
171,Biak,ID,2022-02-21 23:24:56,-0.9131,122.8766,75.6,84,100,7.4
172,Kalmunai,LK,2022-02-21 23:24:56,7.4167,81.8167,75.13,87,7,4.76
173,Dunedin,NZ,2022-02-21 23:21:22,-45.8742,170.5036,63.81,75,73,11.01
174,Kashi,CN,2022-02-21 23:24:56,39.4547,75.9797,29.41,50,37,6.71
175,Kaduna,NG,2022-02-21 23:24:57,10.5222,7.4383,70.56,17,57,8.9
176,Kruisfontein,ZA,2022-02-21 23:24:57,-34.0033,24.7314,58.89,89,59,4.94
177,San Jose,US,2022-02-21 23:20:02,37.3394,-121.895,60.67,47,20,16.11
178,Ahipara,NZ,2022-02-21 23:24:58,-35.1667,173.1667,76.68,59,22,4.5
179,Salinas,US,2022-02-21 23:25:58,36.6777,-121.6555,60.96,55,0,17.27
180,Krasnozatonskiy,RU,2022-02-21 23:25:59,61.6758,50.9794,17.82,100,75,0.0
181,Kakhovka,UA,2022-02-21 23:21:00,46.8137,33.487,39.11,92,98,8.34
182,Chokurdakh,RU,2022-02-21 23:25:59,70.6333,147.9167,-41.53,99,57,6.87
183,Nikolskoye,RU,2022-02-21 23:26:00,59.7035,30.7861,34.88,99,100,6.29
184,Mwinilunga,ZM,2022-02-21 23:26:01,-11.7358,24.4293,61.2,97,64,2.71
185,Pemangkat,ID,2022-02-21 23:26:01,1.1667,108.9667,74.7,91,94,6.31
186,Carora,VE,2022-02-21 23:26:01,10.1755,-70.0827,81.39,44,60,17.69
187,Ilulissat,GL,2022-02-21 23:26:02,69.2167,-51.1,-0.38,71,75,9.22
188,Constitucion,CL,2022-02-21 23:26:02,-35.3333,-72.4167,61.03,84,54,6.24
189,Fort Nelson,CA,2022-02-21 23:26:02,58.8053,-122.7002,0.99,66,0,0.0
190,Namibe,AO,2022-02-21 23:26:03,-15.1961,12.1522,76.55,81,92,5.39
191,Suffolk,US,2022-02-21 23:25:03,40.8668,-72.7996,44.06,80,0,4.61
192,Sola,VU,2022-02-21 23:26:03,-13.8833,167.55,82.78,75,78,13.82
193,Rawson,AR,2022-02-21 23:26:04,-43.3002,-65.1023,55.56,60,94,11.95
194,Broome,US,2022-02-21 23:26:04,42.2506,-75.833,42.98,70,9,1.01
195,Iberia,US,2022-02-21 23:26:04,29.9502,-91.7507,76.05,78,100,12.66
196,Magadi,IN,2022-02-21 23:26:05,12.9667,77.2333,66.54,63,20,4.76
197,Ancud,CL,2022-02-21 23:26:05,-41.8697,-73.8203,65.73,54,4,10.25
198,Siverskiy,RU,2022-02-21 23:26:06,59.3544,30.0783,31.91,99,100,5.21
199,Joetsu,JP,2022-02-21 23:26:06,37.1483,138.2364,31.41,94,100,8.52
200,Harper,LR,2022-02-21 23:26:06,4.375,-7.7169,78.33,87,99,6.15
201,Vermilion,US,2022-02-21 23:26:07,40.1667,-87.7506,59.97,71,40,17.27
202,Port Hawkesbury,CA,2022-02-21 23:26:07,45.6169,-61.3485,39.18,78,100,4.61
203,Bardiyah,LY,2022-02-21 23:26:07,31.7561,25.0865,61.36,47,56,13.65
204,Zhuzhou,CN,2022-02-21 23:26:08,27.8333,113.15,32.13,99,100,5.28
205,Whitehorse,CA,2022-02-21 23:26:08,60.7161,-135.0538,8.1,54,20,12.66
206,Mar Del Plata,AR,2022-02-21 23:24:16,-38.0023,-57.5575,70.09,92,40,13.0
207,College,US,2022-02-21 23:26:09,64.8569,-147.8028,19.58,71,100,4.61
208,Castelo Do Piaui,BR,2022-02-21 23:26:09,-5.3222,-41.5525,79.3,65,70,3.04
209,Smithers,CA,2022-02-21 23:26:10,54.7804,-127.1743,16.12,35,20,2.3
210,Pirna,DE,2022-02-21 23:26:10,50.9584,13.937,40.96,85,97,4.0
211,Wloszczowa,PL,2022-02-21 23:26:10,50.8526,19.9659,42.21,61,25,14.23
212,Iquique,CL,2022-02-21 23:26:11,-20.2208,-70.1431,70.03,81,32,5.28
213,Manjeri,IN,2022-02-21 23:26:11,11.1167,76.1167,77.68,88,20,3.44
214,Van,TR,2022-02-21 23:26:12,38.4924,43.3831,33.15,93,75,1.14
215,Enid,US,2022-02-21 23:21:24,36.3956,-97.8784,70.14,48,40,23.02
216,Cidreira,BR,2022-02-21 23:26:12,-30.1811,-50.2056,76.26,76,60,15.03
217,Sorong,ID,2022-02-21 23:26:12,-0.8833,131.25,77.52,91,100,15.9
218,Kavieng,PG,2022-02-21 23:26:13,-2.5744,150.7967,78.49,89,100,11.77
219,Berlevag,NO,2022-02-21 23:26:13,70.8578,29.0864,25.25,66,100,4.16
220,Les Escoumins,CA,2022-02-21 23:26:14,48.1111,-69.0236,9.75,87,56,5.01
221,Tarnow,PL,2022-02-21 23:26:14,50.0138,20.987,40.37,59,50,9.98
222,Vestmanna,FO,2022-02-21 23:26:14,62.1564,-7.1664,34.72,75,100,36.82
223,Srandakan,ID,2022-02-21 23:26:15,-7.9386,110.2506,76.87,89,89,3.47
224,Nizhniy Kuranakh,RU,2022-02-21 23:27:15,58.8353,125.4869,10.36,92,100,8.99
225,Leningradskiy,RU,2022-02-21 23:27:15,69.3833,178.4167,-27.8,97,90,7.72
226,Longyearbyen,SJ,2022-02-21 23:27:16,78.2186,15.6401,-2.36,84,20,9.22
227,San Quintin,MX,2022-02-21 23:27:16,30.4833,-115.95,59.74,63,79,8.7
228,Portel,BR,2022-02-21 23:27:17,-1.9356,-50.8211,76.73,88,70,4.09
229,Port Macquarie,AU,2022-02-21 23:27:17,-31.4333,152.9167,79.9,80,96,0.51
230,Carnarvon,AU,2022-02-21 23:27:17,-24.8667,113.6333,80.67,78,65,14.97
231,Kaitangata,NZ,2022-02-21 23:27:18,-46.2817,169.8464,62.92,72,100,5.28
232,Butterworth,MY,2022-02-21 23:27:18,5.3991,100.3638,78.84,97,20,2.3
233,El Jicaro,GT,2022-02-21 23:27:18,14.9167,-89.9,85.53,59,77,6.89
234,Vila Franca Do Campo,PT,2022-02-21 23:27:19,37.7167,-25.4333,56.19,69,82,8.37
235,Puerto Carreno,CO,2022-02-21 23:27:19,6.189,-67.4859,89.08,39,76,12.75
236,Tuatapere,NZ,2022-02-21 23:27:19,-46.1333,167.6833,58.82,94,96,9.46
237,Bubaque,GW,2022-02-21 23:27:20,11.2833,-15.8333,76.42,67,23,14.63
238,Mount Isa,AU,2022-02-21 23:27:20,-20.7333,139.5,85.77,21,0,11.5
239,Atar,MR,2022-02-21 23:27:21,20.5169,-13.0499,75.07,18,100,5.93
240,Sao Filipe,CV,2022-02-21 23:23:51,14.8961,-24.4956,70.63,71,70,12.01
241,Amboasary,MG,2022-02-21 23:27:21,-25.0333,46.3833,74.21,91,0,7.67
242,Bukachacha,RU,2022-02-21 23:27:23,52.9833,116.9167,-10.59,96,43,3.22
243,Kemin,KG,2022-02-21 23:27:23,42.7846,75.6892,30.74,59,0,10.25
244,Padang,ID,2022-02-21 23:27:23,-0.9492,100.3543,75.25,89,100,4.38
245,Grootfontein,NA,2022-02-21 23:27:24,-19.5667,18.1167,65.77,88,38,1.14
246,Areosa,PT,2022-02-21 23:27:24,41.7178,-8.8571,55.33,76,36,5.99
247,Kostomuksha,RU,2022-02-21 23:27:25,64.571,30.5767,2.57,100,100,2.75
248,Necochea,AR,2022-02-21 23:27:25,-38.5473,-58.7368,66.04,88,52,12.15
249,Touros,BR,2022-02-21 23:27:26,-5.1989,-35.4608,81.5,75,97,13.38
250,Mazatlan,MX,2022-02-21 23:27:26,23.2167,-106.4167,84.16,56,20,16.11
251,Tongliao,CN,2022-02-21 23:27:26,43.6125,122.2653,-10.08,89,61,5.26
252,Bridgton,US,2022-02-21 23:27:27,44.0548,-70.7128,40.68,73,84,1.95
253,Dobryanka,RU,2022-02-21 23:27:27,58.4619,56.4165,26.46,95,100,5.75
254,Caborca,MX,2022-02-21 23:27:27,30.5838,-111.101,61.38,36,33,15.26
255,Hamilton,US,2022-02-21 23:27:28,39.1834,-84.5333,64.35,48,75,14.97
256,Carolina,PR,2022-02-21 23:27:28,18.3808,-65.9574,78.69,80,40,11.5
257,Nanortalik,GL,2022-02-21 23:27:28,60.1432,-45.2371,10.85,77,55,10.69
258,Katsuura,JP,2022-02-21 23:27:29,35.1333,140.3,39.31,49,69,4.72
259,Bantry,IE,2022-02-21 23:27:29,51.6833,-9.45,52.79,89,98,16.53
260,Villa Maria,AR,2022-02-21 23:27:30,-32.4075,-63.2402,74.89,45,99,12.33
261,Samana,DO,2022-02-21 23:27:30,19.2056,-69.3369,76.96,83,7,7.05
262,Waipawa,NZ,2022-02-21 23:27:30,-41.4122,175.5153,66.94,57,2,11.63
263,Ratnagiri,IN,2022-02-21 23:27:31,16.9833,73.3,68.65,70,16,3.49
264,Bastrop,US,2022-02-21 23:27:31,32.7562,-91.8724,74.88,82,100,5.99
265,Bereda,ES,2022-02-21 23:27:32,43.2686,-7.5406,43.57,92,60,2.21
266,Daru,PG,2022-02-21 23:27:32,-9.0763,143.2092,79.27,89,98,7.27
267,Shimoda,JP,2022-02-21 23:27:32,34.6667,138.95,43.16,62,0,27.07
268,Ndola,ZM,2022-02-21 23:27:33,-12.9587,28.6366,61.34,98,94,2.98
269,Torbay,CA,2022-02-21 23:27:33,47.6666,-52.7314,36.75,86,75,25.32
270,Nioro,GM,2022-02-21 23:27:33,13.35,-15.75,79.54,30,84,4.03
271,Vanimo,PG,2022-02-21 23:28:34,-2.6741,141.3028,78.3,88,100,4.41
272,Makakilo City,US,2022-02-21 23:28:34,21.3469,-158.0858,82.72,57,0,11.5
273,Pevek,RU,2022-02-21 23:28:35,69.7008,170.3133,-34.89,94,99,2.01
274,Luderitz,NA,2022-02-21 23:28:35,-26.6481,15.1594,71.04,61,34,18.66
275,Isernia,IT,2022-02-21 23:28:35,41.6002,14.2382,46.31,92,98,1.32
276,Ambon,ID,2022-02-21 23:28:36,-3.6954,128.1814,82.54,74,40,13.8
277,Naifaru,MV,2022-02-21 23:28:36,5.4444,73.3657,80.42,74,6,1.63
278,Grand Gaube,MU,2022-02-21 23:28:37,-20.0064,57.6608,81.0,86,88,10.0
279,Port Lincoln,AU,2022-02-21 23:28:37,-34.7333,135.8667,63.7,64,9,9.69
280,Bathsheba,BB,2022-02-21 23:28:37,13.2167,-59.5167,79.41,73,40,13.8
281,Comodoro Rivadavia,AR,2022-02-21 23:28:34,-45.8667,-67.5,55.26,58,20,9.22
282,Saldanha,ZA,2022-02-21 23:28:38,-33.0117,17.9442,60.85,88,20,11.86
283,Isangel,VU,2022-02-21 23:28:38,-19.55,169.2667,87.91,79,75,6.91
284,Hameenlinna,FI,2022-02-21 23:28:38,60.996,24.4643,31.01,91,100,12.84
285,Black River,JM,2022-02-21 23:28:39,18.0264,-77.8487,81.99,71,57,3.38
286,Los Llanos De Aridane,ES,2022-02-21 23:28:39,28.6585,-17.9182,56.12,76,49,8.05
287,Huadian,CN,2022-02-21 23:28:39,42.9633,126.7478,-10.17,99,62,1.43
288,Mallow,IE,2022-02-21 23:28:40,52.1333,-8.6333,52.5,86,100,10.6
289,Namtsy,RU,2022-02-21 23:28:40,62.7161,129.6658,-18.29,98,100,5.21
290,Sidrolandia,BR,2022-02-21 23:28:41,-20.9319,-54.9614,83.19,75,90,5.99
291,Beloha,MG,2022-02-21 23:28:41,-25.1667,45.05,74.59,85,0,10.65
292,Narsaq,GL,2022-02-21 23:27:24,60.9167,-46.05,-0.18,78,8,6.44
293,Nyurba,RU,2022-02-21 23:28:42,63.2842,118.3319,8.74,94,93,7.09
294,Port Blair,IN,2022-02-21 23:28:42,11.6667,92.75,69.84,94,20,1.14
295,Karratha,AU,2022-02-21 23:28:42,-20.7377,116.8463,83.8,74,13,8.5
296,Porbandar,IN,2022-02-21 23:28:43,21.6422,69.6093,70.84,79,0,9.15
297,Nieuwpoort,BE,2022-02-21 23:28:43,51.1244,2.7735,47.01,79,75,11.5
298,Marsa Matruh,EG,2022-02-21 23:28:43,31.3525,27.2453,61.9,51,29,12.95
299,Baykit,RU,2022-02-21 23:28:44,61.67,96.37,1.11,100,100,2.19
300,Faanui,PF,2022-02-21 23:28:44,-16.4833,-151.75,81.3,76,100,19.66
301,Serra Branca,BR,2022-02-21 23:28:44,-6.5333,-38.2667,80.82,54,76,6.98
302,Nadadores,MX,2022-02-21 23:28:45,27.05,-101.6,96.24,16,0,14.97
303,Lincoln,US,2022-02-21 23:28:45,40.8,-96.667,35.55,54,75,21.85
304,Talaya,RU,2022-02-21 23:28:46,61.3833,152.75,-39.01,99,75,0.16
305,Parkes,AU,2022-02-21 23:28:46,-33.1333,148.1833,81.36,48,98,11.01
306,Manaus,BR,2022-02-21 23:28:47,-3.1019,-60.025,82.89,78,40,3.44
307,Acarau,BR,2022-02-21 23:28:47,-2.8856,-40.12,80.33,77,3,17.07
308,Jining,CN,2022-02-21 23:28:03,35.405,116.5814,29.5,39,68,5.66
309,Jaranwala,PK,2022-02-21 23:28:47,31.3333,73.4333,54.07,65,99,8.01
310,Wanning,CN,2022-02-21 23:28:48,18.8003,110.3967,58.06,94,100,12.06
311,Zhezkazgan,KZ,2022-02-21 23:28:48,47.8043,67.7144,17.17,90,100,6.49
312,Bintulu,MY,2022-02-21 23:28:49,3.1667,113.0333,73.81,100,20,2.3
313,Laguna,US,2022-02-21 23:28:49,38.421,-121.4238,62.69,31,0,5.01
314,Olafsvik,IS,2022-02-21 23:28:49,64.8945,-23.7142,38.5,78,100,28.39
315,Tacoronte,ES,2022-02-21 23:28:50,28.4769,-16.4102,57.18,73,20,3.44
316,Ambala,IN,2022-02-21 23:28:50,30.3783,76.7808,55.06,54,100,7.83
317,Panchagarh,BD,2022-02-21 23:29:50,26.3313,88.562,58.03,57,0,7.18
318,Popondetta,PG,2022-02-21 23:29:51,-8.7537,148.2534,76.01,93,100,2.37
319,Kloulklubed,PW,2022-02-21 23:29:51,7.0419,134.2556,81.1,80,94,25.84
320,Marion,US,2022-02-21 23:29:52,39.7684,-86.1555,61.0,64,100,11.5
321,Qaqortoq,GL,2022-02-21 23:29:52,60.7167,-46.0333,0.1,86,14,5.12
322,Yulara,AU,2022-02-21 23:29:52,-25.2406,130.9889,75.04,38,0,13.8
323,Port Hedland,AU,2022-02-21 23:29:53,-20.3167,118.5667,82.45,100,40,0.0
324,Krasnyy Yar,RU,2022-02-21 23:29:53,46.5331,48.3456,33.73,91,73,5.7
325,Takaka,NZ,2022-02-21 23:29:53,-40.85,172.8,70.56,44,0,6.55
326,Miles City,US,2022-02-21 23:29:54,46.4083,-105.8406,6.51,71,20,14.97
327,Gravdal,NO,2022-02-21 23:29:54,68.1214,13.5031,25.72,68,53,1.81
328,Baruun-Urt,MN,2022-02-21 23:29:02,46.6806,113.2792,-9.9,92,5,5.66
329,Aklavik,CA,2022-02-21 23:29:55,68.2191,-135.0107,-3.17,64,20,16.11
330,Goleta,TN,2022-02-21 23:29:55,36.8181,10.305,57.22,76,20,13.8
331,Charters Towers,AU,2022-02-21 23:29:55,-20.1,146.2667,80.46,66,10,8.84
332,Watrous,CA,2022-02-21 23:29:56,51.6668,-105.4679,-6.02,59,99,2.3
333,Barra,BR,2022-02-21 23:29:56,-11.0894,-43.1417,80.28,62,95,3.36
334,Marsh Harbour,BS,2022-02-21 23:29:56,26.5412,-77.0636,72.57,72,50,18.88
335,Khorixas,NA,2022-02-21 23:29:57,-20.3667,14.9667,73.94,77,94,3.91
336,Najran,SA,2022-02-21 23:29:57,17.4924,44.1277,57.85,30,88,1.68
337,Honningsvag,NO,2022-02-21 23:29:57,70.9821,25.9704,26.47,70,100,3.44
338,Airai,TL,2022-02-21 23:29:58,-8.9266,125.4092,60.04,98,100,0.67
339,Dongsheng,CN,2022-02-21 23:29:58,39.8161,109.9776,5.59,74,1,3.18
340,Qui Nhon,VN,2022-02-21 23:29:58,13.7667,109.2333,67.69,82,98,14.85
341,Awbari,LY,2022-02-21 23:29:59,26.5921,12.7805,65.28,13,91,6.33
342,Kieta,PG,2022-02-21 23:29:59,-6.2167,155.6333,85.17,68,83,1.63
343,Narsipatnam,IN,2022-02-21 23:30:00,17.6667,82.6167,74.61,87,27,2.53
344,Okha,RU,2022-02-21 23:30:00,53.5739,142.9478,-6.52,84,100,16.98
345,Matara,LK,2022-02-21 23:30:00,5.9485,80.5353,75.97,90,59,1.52
346,Karatu,TZ,2022-02-21 23:30:01,-3.3333,35.6667,62.08,87,96,3.42
347,Strezhevoy,RU,2022-02-21 23:30:02,60.7333,77.5889,22.98,96,97,8.5
348,Sesheke,ZM,2022-02-21 23:30:03,-17.4759,24.2968,71.47,68,64,3.74
349,Inhambane,MZ,2022-02-21 23:30:04,-23.865,35.3833,75.16,81,21,7.56
350,Manaure,CO,2022-02-21 23:30:04,11.7751,-72.4445,79.57,66,47,19.84
351,Sitka,US,2022-02-21 23:29:35,57.0531,-135.33,35.49,35,20,4.61
352,Bam,IR,2022-02-21 23:30:05,29.106,58.357,52.72,47,31,3.22
353,General Roca,AR,2022-02-21 23:30:06,-39.0333,-67.5833,61.2,56,100,11.97
354,Mataram,ID,2022-02-21 23:30:07,-8.5833,116.1167,77.65,86,100,4.05
355,Senneterre,CA,2022-02-21 23:30:08,48.3835,-77.2328,-1.98,86,99,6.33
356,Mandal,IN,2022-02-21 23:30:09,25.45,74.5667,64.0,37,0,6.82
357,Bairiki,KI,2022-02-21 23:30:09,1.3292,172.9752,86.0,79,20,8.05
358,Ust-Kulom,RU,2022-02-21 23:30:10,61.6864,53.6902,18.64,98,100,3.0
359,Bourges,FR,2022-02-21 23:30:10,47.25,2.4167,46.72,75,100,11.43
360,Batie,BF,2022-02-21 23:30:11,9.8833,-2.9167,78.98,13,31,5.68
361,Porto Novo,BJ,2022-02-21 23:30:11,6.4965,2.6036,79.25,85,67,6.33
362,Rimouski,CA,2022-02-21 23:28:04,48.4488,-68.524,13.68,82,68,6.49
363,Altamira,BR,2022-02-21 23:31:12,-3.2033,-52.2064,73.9,97,96,2.51
364,Fernley,US,2022-02-21 23:31:12,39.608,-119.2518,38.46,47,15,3.0
365,Gimli,CA,2022-02-21 23:29:43,50.6336,-96.9907,-9.56,53,100,10.36
366,Aykhal,RU,2022-02-21 23:31:13,66.0,111.5,-4.05,98,78,7.31
367,Leh,IN,2022-02-21 23:31:13,34.1667,77.5833,8.31,64,99,2.33
368,Chalons-En-Champagne,FR,2022-02-21 23:31:14,48.9539,4.3672,45.18,90,80,10.87
369,Fukue,JP,2022-02-21 23:31:14,32.6881,128.8419,43.16,52,75,11.5
370,Severnoye,RU,2022-02-21 23:31:15,56.3491,78.3619,20.97,95,100,9.19
371,Bochnia,PL,2022-02-21 23:31:15,49.9691,20.4303,40.37,68,58,10.25
372,Pisco,PE,2022-02-21 23:31:15,-13.7,-76.2167,71.65,88,75,6.91
373,Bonthe,SL,2022-02-21 23:31:16,7.5264,-12.505,78.03,86,100,3.36
374,Srebrenica,BA,2022-02-21 23:31:16,44.1064,19.2969,33.98,98,100,4.27
375,La Palma,US,2022-02-21 23:31:17,33.8464,-118.0467,63.95,58,0,14.97
376,Batemans Bay,AU,2022-02-21 23:31:17,-35.7167,150.1833,69.19,92,100,4.54
377,Kulhudhuffushi,MV,2022-02-21 23:31:18,6.6221,73.07,81.27,72,1,8.12
378,Tigil,RU,2022-02-21 23:31:18,57.8,158.6667,-5.76,85,100,11.23
379,Lagoa,PT,2022-02-21 23:31:18,39.05,-27.9833,56.71,63,93,4.36
380,Mehamn,NO,2022-02-21 23:31:19,71.0357,27.8492,21.72,74,100,2.44
381,Anadyr,RU,2022-02-21 23:31:19,64.75,177.4833,-5.01,76,100,11.18
382,Amguri,IN,2022-02-21 23:31:20,26.8,94.5333,52.99,92,55,2.91
383,Tonj,SS,2022-02-21 23:31:20,7.2737,28.6822,75.11,16,100,1.68
384,Zheleznodorozhnyy,RU,2022-02-21 23:31:20,55.7503,38.0042,35.15,99,100,12.28
385,Prince Rupert,CA,2022-02-21 23:31:14,54.3161,-130.3201,32.09,25,0,23.02
386,Maku,IR,2022-02-21 23:31:21,39.2911,44.4521,31.21,76,70,6.76
387,Saravan,AM,2022-02-21 23:31:21,39.7196,45.6483,27.25,93,99,2.77
388,Viedma,AR,2022-02-21 23:31:22,-40.8135,-62.9967,60.08,77,100,13.0
389,Samarai,PG,2022-02-21 23:31:22,-10.6167,150.6667,84.88,72,100,9.35
390,Gloucester,GB,2022-02-21 23:29:23,51.8657,-2.2431,47.01,77,26,7.0
391,Beaverlodge,CA,2022-02-21 23:31:23,55.2166,-119.4361,-4.65,78,98,2.13
392,Epe,NG,2022-02-21 23:31:23,6.5841,3.9834,78.12,86,86,0.4
393,Ostrovnoy,RU,2022-02-21 23:31:23,68.0531,39.5131,19.08,85,100,5.86
394,Hojo,JP,2022-02-21 23:31:24,33.9766,132.7777,44.49,42,20,24.16
395,Aripuana,BR,2022-02-21 23:29:56,-9.1667,-60.6333,74.03,97,88,1.59
396,Pangkalanbuun,ID,2022-02-21 23:31:24,-2.6833,111.6167,75.54,94,100,2.82
397,Rajauri,IN,2022-02-21 23:31:25,33.3833,74.3,54.5,43,100,6.76
398,Togur,RU,2022-02-21 23:31:25,58.3631,82.8265,15.89,95,100,8.48
399,Iranshahr,IR,2022-02-21 23:31:26,27.2025,60.6848,59.49,65,0,5.3
400,Voyvozh,RU,2022-02-21 23:31:26,62.892,54.9635,12.78,96,99,7.29
401,Astana,KZ,2022-02-21 23:26:30,51.1801,71.446,6.75,78,0,4.47
402,Sao Desiderio,BR,2022-02-21 23:31:27,-12.3633,-44.9733,71.92,89,45,4.56
403,Tezu,IN,2022-02-21 23:31:27,27.9167,96.1667,49.42,58,11,4.29
404,Huarmey,PE,2022-02-21 23:31:27,-10.0681,-78.1522,73.67,79,82,6.98
405,Formosa Do Rio Preto,BR,2022-02-21 23:31:28,-11.0483,-45.1931,75.96,75,69,2.17
406,Mokhsogollokh,RU,2022-02-21 23:31:28,61.4681,128.9203,3.22,97,100,2.15
407,Aksu,CN,2022-02-21 23:31:29,41.1231,80.2644,25.27,50,0,1.88
408,Turukhansk,RU,2022-02-21 23:31:29,65.8167,87.9833,17.31,88,100,17.65
409,Nunchia,CO,2022-02-21 23:31:29,5.6406,-72.1986,80.89,42,97,4.41
410,Urdoma,RU,2022-02-21 23:31:30,61.7533,48.5442,20.95,98,99,3.18
411,Bulanash,RU,2022-02-21 23:32:30,57.2783,61.9965,22.78,93,100,5.26
412,Sao Felix Do Xingu,BR,2022-02-21 23:32:30,-6.6447,-51.995,73.58,97,73,2.15
413,San Juan,AR,2022-02-21 23:31:24,-31.5375,-68.5364,66.29,68,98,14.76
414,Mahibadhoo,MV,2022-02-21 23:32:31,3.7833,72.9667,80.71,72,2,6.91
415,Salalah,OM,2022-02-21 23:32:31,17.0151,54.0924,71.69,78,0,3.44
416,Calatrava,PH,2022-02-21 23:32:32,10.595,123.4838,75.22,82,100,5.7
417,Jieshi,CN,2022-02-21 23:32:32,22.8134,115.8257,46.94,84,100,13.91
418,Hovd,MN,2022-02-21 23:32:32,48.0056,91.6419,-9.54,90,42,2.77
419,Yatou,CN,2022-02-21 23:32:33,37.15,122.3833,26.4,45,4,5.37
420,Vrangel,RU,2022-02-21 23:32:33,42.7297,133.0839,12.29,63,0,16.58
421,Flinders,AU,2022-02-21 23:32:33,-34.5833,150.8552,70.81,86,100,5.99
422,Talaja,IN,2022-02-21 23:32:34,21.35,72.05,70.18,49,0,6.91
423,Santa Isabel Do Rio Negro,BR,2022-02-21 23:32:34,-0.4139,-65.0192,76.87,88,52,3.13
424,Port-Gentil,GA,2022-02-21 23:32:35,-0.7193,8.7815,81.28,79,100,8.81
425,Sisimiut,GL,2022-02-21 23:32:35,66.9395,-53.6735,-15.79,98,93,4.45
426,Mago,RU,2022-02-21 23:32:36,53.2514,140.1822,-9.65,94,80,3.15
427,Saint-Georges,GD,2022-02-21 23:31:24,12.0564,-61.7485,78.48,78,20,11.5
428,Pirovskoye,RU,2022-02-21 23:32:36,57.6267,92.2658,6.24,93,15,5.66
429,Isla Mujeres,MX,2022-02-21 23:32:36,21.2311,-86.731,80.65,72,9,13.69
430,Losheim,DE,2022-02-21 23:32:37,49.5167,6.75,42.08,84,43,13.11
431,Luganville,VU,2022-02-21 23:32:37,-15.5333,167.1667,84.96,72,66,7.36
432,San Andres,CO,2022-02-21 23:32:37,12.5847,-81.7006,82.42,69,20,17.27
433,Banda Aceh,ID,2022-02-21 23:32:38,5.5577,95.3222,77.77,86,55,8.9
434,Toora-Khem,RU,2022-02-21 23:32:38,52.4675,96.11,-16.24,100,95,1.1
435,Morondava,MG,2022-02-21 23:32:38,-20.2833,44.2833,80.85,68,66,9.91
436,Gambiran,ID,2022-02-21 23:32:39,-6.7988,111.4951,77.0,88,97,4.94
437,Lorengau,PG,2022-02-21 23:32:39,-2.0226,147.2712,78.39,92,100,13.89
438,Vanavara,RU,2022-02-21 23:32:39,60.34,102.2797,8.82,97,96,4.81
439,Rzhev,RU,2022-02-21 23:32:40,56.2624,34.3282,33.76,99,100,11.5
440,Xining,CN,2022-02-21 23:29:33,36.6167,101.7667,14.02,65,43,3.4
441,Jerico,CO,2022-02-21 23:32:40,5.7921,-75.786,64.31,93,92,3.29
442,Denia,ES,2022-02-21 23:32:41,38.8408,0.1057,63.37,36,4,5.01
443,Dicabisagan,PH,2022-02-21 23:32:41,17.0818,122.4157,74.75,92,100,6.96
444,Cooma,AU,2022-02-21 23:32:41,-36.2333,149.1333,60.57,82,100,12.66
445,Palmer,US,2022-02-21 23:32:42,42.1584,-72.3287,46.33,54,40,5.75
446,Udarnyy,RU,2022-02-21 23:32:42,54.3409,42.8611,30.33,96,100,11.72
447,Guerrero Negro,MX,2022-02-21 23:32:43,27.9769,-114.0611,62.38,51,22,11.88
448,Begamganj,IN,2022-02-21 23:32:43,23.6,78.3333,63.63,24,0,2.42
449,Rawah,IQ,2022-02-21 23:32:43,34.4816,41.9093,55.24,70,45,6.71
450,Fortuna,US,2022-02-21 23:29:00,40.5982,-124.1573,47.66,92,75,13.8
451,Paragould,US,2022-02-21 23:30:07,36.0584,-90.4973,58.93,95,100,1.01
452,Zhangye,CN,2022-02-21 23:32:44,38.9342,100.4517,19.72,46,46,4.74
453,Dauphin,CA,2022-02-21 23:32:44,51.1494,-100.0502,-11.06,49,0,3.44
454,Olavarria,AR,2022-02-21 23:30:10,-36.8927,-60.3225,68.02,70,80,10.56
455,Kahului,US,2022-02-21 23:32:45,20.8947,-156.47,83.46,73,40,19.57
456,Chihuahua,MX,2022-02-21 23:32:24,28.5,-106.0,70.63,35,84,37.42
457,Mao,ES,2022-02-21 23:32:46,39.8885,4.2658,48.76,87,20,11.5
458,Chimore,BO,2022-02-21 23:32:46,-16.9833,-65.1333,73.74,98,100,0.94
459,Sur,OM,2022-02-21 23:33:46,22.5667,59.5289,72.34,73,0,13.04
460,Chumikan,RU,2022-02-21 23:33:47,54.7183,135.315,-5.53,83,69,19.8
461,Kampot,KH,2022-02-21 23:33:47,10.6167,104.1833,78.85,85,29,6.42
462,Broken Hill,AU,2022-02-21 23:33:47,-31.95,141.4333,65.91,34,40,14.97
463,Sinnamary,GF,2022-02-21 23:33:48,5.3833,-52.95,77.14,90,99,9.06
464,Komsomolskiy,UZ,2022-02-21 23:33:48,40.4272,71.7189,47.62,56,83,1.23
465,Ixtapa,MX,2022-02-21 23:33:49,20.7,-105.2,78.03,73,0,11.5
466,Saint Pete Beach,US,2022-02-21 23:33:49,27.7253,-82.7412,79.34,67,0,5.01
467,Cururupu,BR,2022-02-21 23:31:52,-1.8283,-44.8683,75.45,95,94,4.43
468,Bombay,IN,2022-02-21 23:33:50,19.0144,72.8479,71.58,60,4,0.0
469,Kholtoson,RU,2022-02-21 23:33:50,50.2981,103.3097,-5.6,99,56,4.03
470,Rio Grande,BR,2022-02-21 23:33:50,-32.035,-52.0986,74.79,82,47,10.2
471,Warrington,GB,2022-02-21 23:33:51,53.3925,-2.5802,45.48,88,0,8.05
472,Juneau,US,2022-02-21 23:33:51,58.3019,-134.4197,30.25,63,20,11.5
473,Remanso,BR,2022-02-21 23:33:51,-9.6179,-42.0831,79.29,67,95,5.28
474,Saint-Joseph,RE,2022-02-21 23:31:43,-21.3667,55.6167,82.78,88,100,21.52
475,Miramar,US,2022-02-21 23:31:26,25.9873,-80.2323,75.22,70,0,9.22
476,Madimba,TZ,2022-02-21 23:33:52,-10.4,40.3333,79.93,88,100,6.89
477,Vawkavysk,BY,2022-02-21 23:33:53,53.1561,24.4513,36.14,73,28,18.79
478,Abha,SA,2022-02-21 23:33:53,18.2164,42.5053,51.62,28,0,5.75
479,Teahupoo,PF,2022-02-21 23:33:53,-17.8333,-149.2667,82.36,71,42,16.69
480,Guaymitas,HN,2022-02-21 23:33:54,15.4979,-87.7147,81.81,87,97,3.98
481,Hofn,IS,2022-02-21 23:33:54,64.2539,-15.2082,38.7,97,100,52.01
482,Alamor,EC,2022-02-21 23:33:54,-4.0181,-80.0197,68.68,91,100,0.96
483,Harbour Breton,CA,2022-02-21 23:33:55,47.4833,-55.7983,37.0,86,51,22.12
484,Siva,EG,2022-02-21 23:33:55,29.2041,25.5195,61.38,37,5,7.05
485,Zeya,RU,2022-02-21 23:33:56,53.75,127.2667,-3.5,76,48,1.36
486,Yuksekova,TR,2022-02-21 23:33:56,37.5736,44.2872,29.03,98,84,1.21
487,Barcelos,PT,2022-02-21 23:33:57,41.5388,-8.6151,54.84,75,14,5.64
488,Natal,BR,2022-02-21 23:33:18,-5.795,-35.2094,82.62,78,20,14.97
489,Bambanglipuro,ID,2022-02-21 23:33:57,-7.95,110.2833,78.33,86,90,4.34
490,Sao Joao Da Barra,BR,2022-02-21 23:33:57,-21.6403,-41.0511,76.73,89,50,12.97
491,Sand Springs,US,2022-02-21 23:29:58,36.1398,-96.1089,70.48,69,0,11.5
492,Saint George,US,2022-02-21 23:29:06,37.1041,-113.5841,55.35,40,75,14.97
493,San Policarpo,PH,2022-02-21 23:33:58,12.1791,125.5072,78.78,85,100,18.97
494,Kununurra,AU,2022-02-21 23:33:59,-15.7667,128.7333,84.18,74,95,3.44
495,Alpena,US,2022-02-21 23:33:59,45.0617,-83.4327,24.19,79,100,10.36
496,Sydney,AU,2022-02-21 23:32:16,-33.8679,151.2073,74.71,87,75,18.01
497,Nome,US,2022-02-21 23:34:00,64.5011,-165.4064,33.87,86,100,23.02
498,Foumbot,CM,2022-02-21 23:34:00,5.5079,10.6356,68.9,31,29,4.23
499,Dawei,MM,2022-02-21 23:34:00,14.0833,98.2,68.36,85,31,4.65
500,Nizwa,OM,2022-02-21 23:34:01,22.9333,57.5333,65.57,39,0,3.91
501,Udachnyy,RU,2022-02-21 23:34:01,66.4167,112.4,-10.41,99,91,5.32
502,Izvestkovyy,RU,2022-02-21 23:35:01,48.9833,131.55,-0.8,86,100,6.02
503,Obera,AR,2022-02-21 23:34:57,-27.4871,-55.1199,69.28,88,85,2.68
504,Havre-Saint-Pierre,CA,2022-02-21 23:35:02,50.2334,-63.5986,12.79,52,0,17.27
505,Churapcha,RU,2022-02-21 23:35:03,62.0025,132.4325,-9.06,97,100,5.93
506,Kurilsk,RU,2022-02-21 23:35:03,45.2333,147.8833,26.04,93,100,31.21
507,Tabou,CI,2022-02-21 23:35:04,4.423,-7.3528,78.3,89,94,7.02
508,Itarema,BR,2022-02-21 23:35:04,-2.9248,-39.9167,79.92,77,3,14.18
509,Kupang,ID,2022-02-21 23:35:04,-10.1667,123.5833,75.27,93,100,4.27
510,Hami,CN,2022-02-21 23:35:05,42.8,93.45,28.51,34,0,4.88
511,Marzuq,YE,2022-02-21 23:35:05,14.4,46.4667,59.56,34,92,3.96
512,Oktyabrskiy,RU,2022-02-21 23:35:06,54.4815,53.471,27.82,95,98,7.36
513,Matay,EG,2022-02-21 23:35:06,28.419,30.7792,57.67,42,65,3.62
514,Uige,AO,2022-02-21 23:35:06,-7.6087,15.0613,66.51,99,100,1.79
515,Kyshtovka,RU,2022-02-21 23:35:07,56.555,76.6271,22.24,96,99,8.63
516,Henties Bay,NA,2022-02-21 23:35:07,-22.116,14.2845,70.86,82,41,5.84
517,Jalalabad,AF,2022-02-21 23:35:08,34.4265,70.4515,55.15,48,99,5.21
518,Antofagasta,CL,2022-02-21 23:35:08,-23.65,-70.4,69.08,83,8,5.73
519,Sibolga,ID,2022-02-21 23:35:08,1.7427,98.7792,75.97,82,88,3.67
520,Zapolyarnyy,RU,2022-02-21 23:35:09,69.4154,30.8136,16.88,98,100,2.26
521,Abu Samrah,SY,2022-02-21 23:35:09,35.3029,37.1841,49.66,89,73,7.85
522,Hobyo,SO,2022-02-21 23:35:10,5.3505,48.5268,77.88,83,10,15.32
523,Yanam,IN,2022-02-21 23:35:10,16.7333,82.2167,68.97,94,58,0.65
524,Hare Bay,CA,2022-02-21 23:35:11,48.8499,-54.0148,31.6,67,95,15.17
525,Marovoay,MG,2022-02-21 23:35:11,-16.1,46.6333,77.14,94,100,7.34
526,Chokwe,MZ,2022-02-21 23:35:12,-24.5333,32.9833,71.11,90,28,5.5
527,Artyom,AZ,2022-02-21 23:35:12,40.4723,50.333,42.94,80,99,21.92
528,Raudeberg,NO,2022-02-21 23:35:12,61.9875,5.1352,32.86,93,50,1.01
529,Kano,NG,2022-02-21 23:35:10,12.0001,8.5167,66.09,42,20,2.3
530,Dhidhdhoo,MV,2022-02-21 23:35:13,6.8833,73.1,81.34,72,3,8.81
531,Muzhi,RU,2022-02-21 23:35:14,65.3667,64.6667,16.03,96,96,5.19
532,Lodja,CD,2022-02-21 23:35:14,-3.4833,23.4333,71.17,82,100,0.43
533,Husavik,IS,2022-02-21 23:35:14,66.0449,-17.3389,33.71,80,100,49.12
534,Khudumelapye,BW,2022-02-21 23:35:15,-23.8833,24.75,72.7,34,24,7.4
535,Hurghada,EG,2022-02-21 23:35:15,27.2574,33.8129,59.04,77,0,0.0
536,Lichinga,MZ,2022-02-21 23:35:15,-13.3128,35.2406,62.71,99,100,4.92
537,La Ronge,CA,2022-02-21 23:31:15,55.1001,-105.2842,-7.35,41,0,2.3
538,Yeppoon,AU,2022-02-21 23:35:16,-23.1333,150.7333,82.18,70,31,13.8
539,Meulaboh,ID,2022-02-21 23:35:16,4.1363,96.1285,75.31,91,80,3.49
540,Maracacume,BR,2022-02-21 23:34:51,-2.0428,-45.9592,74.32,96,98,2.84
541,Balakhta,RU,2022-02-21 23:35:17,55.38,91.6,-6.02,100,84,1.01
542,Alihe,CN,2022-02-21 23:34:01,50.5667,123.7167,-8.81,89,7,2.86
543,Bambui,BR,2022-02-21 23:35:17,-20.0064,-45.9769,69.89,88,95,3.4
544,Tambacounda,SN,2022-02-21 23:35:18,13.7539,-13.7586,87.85,18,0,6.91
545,Mayo,US,2022-02-21 23:36:18,38.8876,-76.5119,57.24,67,0,9.22
546,Tarakan,ID,2022-02-21 23:36:19,3.3,117.6333,74.7,94,40,0.0
547,Shingu,JP,2022-02-21 23:36:19,33.7333,135.9833,41.92,59,5,14.54
548,Dubbo,AU,2022-02-21 23:36:19,-32.25,148.6167,73.53,73,100,13.8
549,Usolye,RU,2022-02-21 23:36:20,59.4268,56.6808,18.77,97,100,5.41
550,Van Wert,US,2022-02-21 23:32:06,40.8695,-84.5841,55.89,74,0,6.91
551,Mackenzie,CA,2022-02-21 23:36:20,55.2999,-123.1698,8.82,40,0,6.91
552,Corozal,CO,2022-02-21 23:36:21,9.3151,-75.2928,79.83,60,20,11.92
553,Port Hardy,CA,2022-02-21 23:36:21,50.6996,-127.4199,41.18,52,40,9.22
554,Vardo,NO,2022-02-21 23:36:22,70.3705,31.1107,27.68,62,100,4.76
555,Seoul,KR,2022-02-21 23:34:12,37.5683,126.9778,24.19,46,0,6.91
556,Salgado,BR,2022-02-21 23:36:22,-11.0319,-37.475,81.3,85,8,4.14
557,Verkhoyansk,RU,2022-02-21 23:36:23,67.5447,133.385,-13.29,99,99,1.99
558,Hailar,CN,2022-02-21 23:36:23,49.2,119.7,-21.48,99,71,5.19
559,Deputatskiy,RU,2022-02-21 23:36:24,69.3,139.9,-13.99,78,100,4.21
